{
  "Lagging_Current_Reactive.Power_kVarh": {
    "min": 0.0,
    "max": 96.91,
    "mean": 13.035383561643835,
    "std": 16.305999973081924,
    "q25": 2.3,
    "q75": 22.64
  },
  "Leading_Current_Reactive_Power_kVarh": {
    "min": 0.0,
    "max": 27.76,
    "mean": 3.8709486301369855,
    "std": 7.424462753103645,
    "q25": 0.0,
    "q75": 2.09
  },
  "Lagging_Current_Power_Factor": {
    "min": 0.0,
    "max": 100.0,
    "mean": 80.57805622146118,
    "std": 18.92132226781741,
    "q25": 63.32,
    "q75": 99.0225
  },
  "Leading_Current_Power_Factor": {
    "min": 0.0,
    "max": 100.0,
    "mean": 84.36786986301371,
    "std": 30.45653515758771,
    "q25": 99.7,
    "q75": 100.0
  },
  "NSM": {
    "min": 0.0,
    "max": 85500.0,
    "mean": 42750.0,
    "std": 24940.534316748486,
    "q25": 21375.0,
    "q75": 64125.0
  },
  "hour": {
    "min": 0.0,
    "max": 23.0,
    "mean": 11.5,
    "std": 6.922285330039023,
    "q25": 5.75,
    "q75": 17.25
  },
  "month": {
    "min": 1.0,
    "max": 12.0,
    "mean": 6.526027397260274,
    "std": 3.4479005218967327,
    "q25": 4.0,
    "q75": 10.0
  },
  "WeekStatus": {
    "values": [
      "Weekday",
      "Weekend"
    ],
    "counts": {
      "Weekday": 25056,
      "Weekend": 9984
    }
  },
  "Day_of_week": {
    "values": [
      "Monday",
      "Tuesday",
      "Wednesday",
      "Thursday",
      "Friday",
      "Saturday",
      "Sunday"
    ],
    "counts": {
      "Monday": 5088,
      "Tuesday": 4992,
      "Wednesday": 4992,
      "Thursday": 4992,
      "Friday": 4992,
      "Saturday": 4992,
      "Sunday": 4992
    }
  },
  "Load_Type": {
    "values": [
      "Light_Load",
      "Medium_Load",
      "Maximum_Load"
    ],
    "counts": {
      "Light_Load": 18072,
      "Medium_Load": 9696,
      "Maximum_Load": 7272
    }
  }
}